シャフト名	メーカー名	定価	種類
FireExpress PROTOTYPE V 4R	コンポジットテクノ	¥75,000 	DR
FireExpress PROTOTYPE V 4SR	コンポジットテクノ	¥75,000 	DR
FireExpress PROTOTYPE V 4S	コンポジットテクノ	¥75,000 	DR
FireExpress PROTOTYPE V 4X	コンポジットテクノ	¥75,000 	DR
FireExpress PROTOTYPE V 6R	コンポジットテクノ	¥75,000 	DR
FireExpress PROTOTYPE V 6SR	コンポジットテクノ	¥75,000 	DR
FireExpress PROTOTYPE V 6S	コンポジットテクノ	¥75,000 	DR
FireExpress PROTOTYPE V 6X	コンポジットテクノ	¥75,000 	DR
FireExpress TX-529D R	コンポジットテクノ	¥30,000 	DR
FireExpress TX-529D SR	コンポジットテクノ	¥30,000 	DR
FireExpress TX-529D S	コンポジットテクノ	¥30,000 	DR
FireExpress TX-529D X	コンポジットテクノ	¥30,000 	DR
FireExpress TX-529D 2X	コンポジットテクノ	¥30,000 	DR
FireExpress TX-529D 3X	コンポジットテクノ	¥30,000 	DR
FireExpress X4 R	コンポジットテクノ	¥40,000 	DR
FireExpress X4 SR	コンポジットテクノ	¥40,000 	DR
FireExpress X4 S	コンポジットテクノ	¥40,000 	DR
FireExpress X4 X	コンポジットテクノ	¥40,000 	DR
FireExpress X4 2X	コンポジットテクノ	¥40,000 	DR
FireExpress X4 3X	コンポジットテクノ	¥40,000 	DR
FireExpress UT α 6 R	コンポジットテクノ	¥30,000 	UT
FireExpress UT α 6 SR	コンポジットテクノ	¥30,000 	UT
FireExpress UT α 6 S	コンポジットテクノ	¥30,000 	UT
FireExpress UT α 6 X	コンポジットテクノ	¥30,000 	UT
FireExpress UT α 8 R	コンポジットテクノ	¥30,000 	UT
FireExpress UT α 8 SR	コンポジットテクノ	¥30,000 	UT
FireExpress UT α 8 S	コンポジットテクノ	¥30,000 	UT
FireExpress UT α 8 X	コンポジットテクノ	¥30,000 	UT
Sinker α 6 R	コンポジットテクノ	¥35,000 	DR
Sinker α 6 SR	コンポジットテクノ	¥35,000 	DR
Sinker α 6 S	コンポジットテクノ	¥35,000 	DR
Sinker α 6 X	コンポジットテクノ	¥35,000 	DR
Sinker α 6 2X	コンポジットテクノ	¥35,000 	DR
Sinker α 6 3X	コンポジットテクノ	¥35,000 	DR
Sinker α 8 R	コンポジットテクノ	¥35,000 	FW
Sinker α 8 SR	コンポジットテクノ	¥35,000 	FW
Sinker α 8 S	コンポジットテクノ	¥35,000 	FW
Sinker α 8 X	コンポジットテクノ	¥35,000 	FW
Sinker α 8 2X	コンポジットテクノ	¥35,000 	FW
Sinker α 8 3X	コンポジットテクノ	¥35,000 	FW
Sinker UT 6 R	コンポジットテクノ	¥30,000 	UT
Sinker UT 6 SR	コンポジットテクノ	¥30,000 	UT
Sinker UT 6 S	コンポジットテクノ	¥30,000 	UT
Sinker UT 6 X	コンポジットテクノ	¥30,000 	UT
KASPRSKE A　　　廃盤	シンカグラファイト	¥40,000 	DR
KASPRSKE B 廃盤	シンカグラファイト	¥40,000 	DR
KASPRSKE C 廃盤	シンカグラファイト	¥40,000 	DR
KASPRSKE D 廃盤	シンカグラファイト	¥40,000 	DR
KASPRSKE E 廃盤	シンカグラファイト	¥40,000 	DR
KASPRSKE F 廃盤	シンカグラファイト	¥40,000 	DR
KASPRSKE G 廃盤	シンカグラファイト	¥40,000 	DR
KASPRSKE H 廃盤	シンカグラファイト	¥40,000 	DR
KASPRSKE I 廃盤	シンカグラファイト	¥40,000 	DR
KASPRSKE J 廃盤	シンカグラファイト	¥40,000 	DR
KASPRSKE K 廃盤	シンカグラファイト	¥40,000 	DR
KASPRSKE L 廃盤	シンカグラファイト	¥40,000 	DR
KASPRSKE M 廃盤	シンカグラファイト	¥40,000 	DR
KASPRSKE N 廃盤	シンカグラファイト	¥40,000 	DR
KASPRSKE O 廃盤	シンカグラファイト	¥40,000 	DR
KASPR2 A	シンカグラファイト	¥48,000 	DR
KASPR2 B	シンカグラファイト	¥48,000 	DR
KASPR2 C	シンカグラファイト	¥48,000 	DR
KASPR2 D	シンカグラファイト	¥48,000 	DR
KASPR2 E	シンカグラファイト	¥48,000 	DR
KASPR2 F	シンカグラファイト	¥48,000 	DR
KASPR2 G	シンカグラファイト	¥48,000 	DR
KASPR2 H	シンカグラファイト	¥48,000 	DR
KASPR2 I	シンカグラファイト	¥48,000 	DR
KASPR2 J	シンカグラファイト	¥48,000 	DR
KASPR2 K	シンカグラファイト	¥48,000 	DR
KASPR2 L	シンカグラファイト	¥48,000 	DR
KASPR2 M	シンカグラファイト	¥48,000 	DR
KASPR2 N	シンカグラファイト	¥48,000 	DR
KASPR2 O	シンカグラファイト	¥48,000 	DR
KASPR FW A	シンカグラファイト	¥35,000 	FW
KASPR FW B	シンカグラファイト	¥35,000 	FW
KASPR FW C	シンカグラファイト	¥35,000 	FW
KASPR FW D	シンカグラファイト	¥35,000 	FW
KASPR FW E	シンカグラファイト	¥35,000 	FW
KASPR FW F	シンカグラファイト	¥35,000 	FW
KASPR FW G	シンカグラファイト	¥35,000 	FW
KASPR FW H	シンカグラファイト	¥35,000 	FW
KASPR FW I	シンカグラファイト	¥35,000 	FW
KASPR FW J	シンカグラファイト	¥35,000 	FW
KASPR FW K	シンカグラファイト	¥35,000 	FW
KASPR FW L	シンカグラファイト	¥35,000 	FW
KASPR FW M	シンカグラファイト	¥35,000 	FW
KASPR FW N	シンカグラファイト	¥35,000 	FW
KASPR FW O	シンカグラファイト	¥35,000 	FW
TRPX ATTAS	trpx/TRPX	¥60,000 	DR
TRPX F1.0 5	trpx/TRPX	¥60,000 	DR
TRPX F1.0 6	trpx/TRPX	¥60,000 	DR
TRPX F2.0 5	trpx/TRPX	¥60,000 	DR
TRPX F2.0 6	trpx/TRPX	¥60,000 	DR
TRPX F3.0 5	trpx/TRPX	¥60,000 	DR
TRPX F3.0 6	trpx/TRPX	¥60,000 	DR
TRPX T1.0 5	trpx/TRPX	¥60,000 	DR
TRPX T1.0 6	trpx/TRPX	¥60,000 	DR
TRPX T2.0 5	trpx/TRPX	¥60,000 	DR
TRPX T2.0 6	trpx/TRPX	¥60,000 	DR
TRPX T3.0 5	trpx/TRPX	¥60,000 	DR
TRPX T3.0 6	trpx/TRPX	¥60,000 	DR
TRPX FW F1.0	trpx/TRPX	¥50,000 	FW
TRPX FW F2.0	trpx/TRPX	¥50,000 	FW
TRPX FW F3.0	trpx/TRPX	¥50,000 	FW
TRPX FW T1.0	trpx/TRPX	¥50,000 	FW
TRPX FW T2.0	trpx/TRPX	¥50,000 	FW
TRPX FW T3.0	trpx/TRPX	¥50,000 	FW
CRAZY CRZ SPEEDER R	CRAZY	¥70,000 	DR
CRAZY CRZ SPEEDER SR	CRAZY	¥70,000 	DR
CRAZY CRZ SPEEDER S	CRAZY	¥70,000 	DR
CRAZY CRZ SPEEDER X	CRAZY	¥70,000 	DR
CRAZY CRZ SPEEDER 2X	CRAZY	¥70,000 	DR
CRAZY CRZ SPEEDER 3X	CRAZY	¥70,000 	DR
CRAZY CRZ SPEEDER 4X	CRAZY	¥70,000 	DR
CRAZY CRZ SPEEDER FW R	CRAZY	¥60,000 	FW
CRAZY CRZ SPEEDER FW SR	CRAZY	¥60,000 	FW
CRAZY CRZ SPEEDER FW S	CRAZY	¥60,000 	FW
CRAZY CRZ SPEEDER FW X	CRAZY	¥60,000 	FW
CRAZY CRZ SPEEDER FW 2X	CRAZY	¥60,000 	FW
CRAZY CRZ SPEEDER FW 3X	CRAZY	¥60,000 	FW
CRAZY AB-01 R	CRAZY	¥65,000 	DR
CRAZY AB-01 SR	CRAZY	¥65,000 	DR
CRAZY AB-01 S	CRAZY	¥65,000 	DR
CRAZY AB-01 X	CRAZY	¥65,000 	DR
CRAZY AB-01 2X	CRAZY	¥65,000 	DR
CRAZY AB-01 3X	CRAZY	¥65,000 	DR
CRAZY AB-01 4X	CRAZY	¥65,000 	DR
CRAZY AB-01 FW R	CRAZY	¥55,000 	FW
CRAZY AB-01 FW SR	CRAZY	¥55,000 	FW
CRAZY AB-01 FW S	CRAZY	¥55,000 	FW
CRAZY AB-01 FW X	CRAZY	¥55,000 	FW
CRAZY AB-01 FW 2X	CRAZY	¥55,000 	FW
CRAZY AB-01 FW 3X	CRAZY	¥55,000 	FW
CRAZY AB-01 UT R	CRAZY	¥50,000 	UT
CRAZY AB-01 UT SR	CRAZY	¥50,000 	UT
CRAZY AB-01 UT S	CRAZY	¥50,000 	UT
CRAZY AB-01 UT X	CRAZY	¥50,000 	UT
CRAZY AB-01 UT 2X	CRAZY	¥50,000 	UT
CRAZY IZO R	CRAZY	¥65,000 	DR
CRAZY IZO SR	CRAZY	¥65,000 	DR
CRAZY IZO S	CRAZY	¥65,000 	DR
CRAZY IZO X	CRAZY	¥65,000 	DR
CRAZY IZO 2X	CRAZY	¥65,000 	DR
CRAZY IZO 3X	CRAZY	¥65,000 	DR
CRAZY IZO FW R	CRAZY	¥55,000 	FW
CRAZY IZO FW SR	CRAZY	¥55,000 	FW
CRAZY IZO FW S	CRAZY	¥55,000 	FW
CRAZY IZO FW X	CRAZY	¥55,000 	FW
CRAZY IZO FW 2X	CRAZY	¥55,000 	FW
CRAZY IZO FW 3X	CRAZY	¥55,000 	FW
CRAZY IZO UT R	CRAZY	¥50,000 	UT
CRAZY IZO UT SR	CRAZY	¥50,000 	UT
CRAZY IZO UT S	CRAZY	¥50,000 	UT
CRAZY IZO UT X	CRAZY	¥50,000 	UT
CRAZY IZO UT 2X	CRAZY	¥50,000 	UT
muziik MX-008 R	muziik	¥55,000 	DR
muziik MX-008 SR	muziik	¥55,000 	DR
muziik MX-008 S	muziik	¥55,000 	DR
muziik MX-008 X	muziik	¥55,000 	DR
muziik MX-008 2X	muziik	¥55,000 	DR
muziik MX-008 3X	muziik	¥55,000 	DR
muziik MX-008 FW R	muziik	¥45,000 	FW
muziik MX-008 FW SR	muziik	¥45,000 	FW
muziik MX-008 FW S	muziik	¥45,000 	FW
muziik MX-008 FW X	muziik	¥45,000 	FW
muziik MX-008 FW 2X	muziik	¥45,000 	FW
muziik MX-008 UT R	muziik	¥40,000 	UT
muziik MX-008 UT SR	muziik	¥40,000 	UT
muziik MX-008 UT S	muziik	¥40,000 	UT
muziik MX-008 UT X	muziik	¥40,000 	UT
muziik MX-008 UT 2X	muziik	¥40,000 	UT
muziik MX-605 R	muziik	¥55,000 	DR
muziik MX-605 SR	muziik	¥55,000 	DR
muziik MX-605 S	muziik	¥55,000 	DR
muziik MX-605 X	muziik	¥55,000 	DR
muziik MX-605 2X	muziik	¥55,000 	DR
muziik MX-605 3X	muziik	¥55,000 	DR
muziik MX-605 FW R	muziik	¥45,000 	FW
muziik MX-605 FW SR	muziik	¥45,000 	FW
muziik MX-605 FW S	muziik	¥45,000 	FW
muziik MX-605 FW X	muziik	¥45,000 	FW
muziik MX-605 FW 2X	muziik	¥45,000 	FW
muziik MX-605 UT R	muziik	¥40,000 	UT
muziik MX-605 UT SR	muziik	¥40,000 	UT
muziik MX-605 UT S	muziik	¥40,000 	UT
muziik MX-605 UT X	muziik	¥40,000 	UT
muziik MX-605 UT 2X	muziik	¥40,000 	UT
EG 429 DR-37	オリムピック	¥28,000 	DR
EG 429 DR-40	オリムピック	¥28,000 	DR
EG 429 DR-43	オリムピック	¥28,000 	DR
EG 429 DR-46	オリムピック	¥28,000 	DR
EG 429 DR-50	オリムピック	¥28,000 	DR
EG 429 DR-55	オリムピック	¥28,000 	DR
EG 429 DR-60	オリムピック	¥28,000 	DR
EG 429 DR-65	オリムピック	¥28,000 	DR
EG 429 DR-70	オリムピック	¥28,000 	DR
EG 429 DR-75	オリムピック	¥28,000 	DR
EG 429 FW-55	オリムピック	¥23,000 	FW
EG 429 FW-60	オリムピック	¥23,000 	FW
EG 429 FW-65	オリムピック	¥23,000 	FW
EG 429 FW-70	オリムピック	¥23,000 	FW
EG 429 FW-75	オリムピック	¥23,000 	FW
EG 429 FW-80	オリムピック	¥23,000 	FW
EG 429 UT-75	オリムピック	¥22,000 	UT
EG 429 UT-80	オリムピック	¥22,000 	UT
EG 429 UT-85	オリムピック	¥22,000 	UT
EG 429 UT-90	オリムピック	¥22,000 	UT
EG 429 UT-95	オリムピック	¥22,000 	UT
EG 429 UT-100	オリムピック	¥22,000 	UT
Speeder Evolution VII R	フジクラ	¥30,000 	DR
Speeder Evolution VII SR	フジクラ	¥30,000 	DR
Speeder Evolution VII S	フジクラ	¥30,000 	DR
Speeder Evolution VII X	フジクラ	¥30,000 	DR
Speeder NX R	フジクラ	¥35,000 	DR
Speeder NX SR	フジクラ	¥35,000 	DR
Speeder NX S	フジクラ	¥35,000 	DR
Speeder NX X	フジクラ	¥35,000 	DR
Speeder NX Green R	フジクラ	¥35,000 	DR
Speeder NX Green SR	フジクラ	¥35,000 	DR
Speeder NX Green S	フジクラ	¥35,000 	DR
Speeder NX Green X	フジクラ	¥35,000 	DR
Speeder NX Pink R	フジクラ	¥35,000 	DR
Speeder NX Pink SR	フジクラ	¥35,000 	DR
Speeder NX Pink S	フジクラ	¥35,000 	DR
Speeder NX Pink X	フジクラ	¥35,000 	DR
VENTUS BLACK 5 R	フジクラ	¥50,000 	DR
VENTUS BLACK 5 SR	フジクラ	¥50,000 	DR
VENTUS BLACK 5 S	フジクラ	¥50,000 	DR
VENTUS BLACK 5 X	フジクラ	¥50,000 	DR
VENTUS BLACK 6 R	フジクラ	¥50,000 	DR
VENTUS BLACK 6 SR	フジクラ	¥50,000 	DR
VENTUS BLACK 6 S	フジクラ	¥50,000 	DR
VENTUS BLACK 6 X	フジクラ	¥50,000 	DR
VENTUS BLACK 6 TX	フジクラ	¥50,000 	DR
VENTUS BLACK 7 R	フジクラ	¥50,000 	DR
VENTUS BLACK 7 SR	フジクラ	¥50,000 	DR
VENTUS BLACK 7 S	フジクラ	¥50,000 	DR
VENTUS BLACK 7 X	フジクラ	¥50,000 	DR
VENTUS BLACK 7 TX	フジクラ	¥50,000 	DR
VENTUS BLACK 8 R	フジクラ	¥50,000 	DR
VENTUS BLACK 8 SR	フジクラ	¥50,000 	DR
VENTUS BLACK 8 S	フジクラ	¥50,000 	DR
VENTUS BLACK 8 X	フジクラ	¥50,000 	DR
VENTUS BLACK 8 TX	フジクラ	¥50,000 	DR
VENTUS BLUE 5 R	フジクラ	¥50,000 	DR
VENTUS BLUE 5 SR	フジクラ	¥50,000 	DR
VENTUS BLUE 5 S	フジクラ	¥50,000 	DR
VENTUS BLUE 5 X	フジクラ	¥50,000 	DR
VENTUS BLUE 6 R	フジクラ	¥50,000 	DR
VENTUS BLUE 6 SR	フジクラ	¥50,000 	DR
VENTUS BLUE 6 S	フジクラ	¥50,000 	DR
VENTUS BLUE 6 X	フジクラ	¥50,000 	DR
VENTUS BLUE 6 TX	フジクラ	¥50,000 	DR
VENTUS BLUE 7 R	フジクラ	¥50,000 	DR
VENTUS BLUE 7 SR	フジクラ	¥50,000 	DR
VENTUS BLUE 7 S	フジクラ	¥50,000 	DR
VENTUS BLUE 7 X	フジクラ	¥50,000 	DR
VENTUS BLUE 7 TX	フジクラ	¥50,000 	DR
VENTUS BLUE 8 R	フジクラ	¥50,000 	DR
VENTUS BLUE 8 SR	フジクラ	¥50,000 	DR
VENTUS BLUE 8 S	フジクラ	¥50,000 	DR
VENTUS BLUE 8 X	フジクラ	¥50,000 	DR
VENTUS BLUE 8 TX	フジクラ	¥50,000 	DR
VENTUS RED 5 R	フジクラ	¥50,000 	DR
VENTUS RED 5 SR	フジクラ	¥50,000 	DR
VENTUS RED 5 S	フジクラ	¥50,000 	DR
VENTUS RED 5 X	フジクラ	¥50,000 	DR
VENTUS RED 6 R	フジクラ	¥50,000 	DR
VENTUS RED 6 SR	フジクラ	¥50,000 	DR
VENTUS RED 6 S	フジクラ	¥50,000 	DR
VENTUS RED 6 X	フジクラ	¥50,000 	DR
VENTUS RED 6 TX	フジクラ	¥50,000 	DR
VENTUS RED 7 R	フジクラ	¥50,000 	DR
VENTUS RED 7 SR	フジクラ	¥50,000 	DR
VENTUS RED 7 S	フジクラ	¥50,000 	DR
VENTUS RED 7 X	フジクラ	¥50,000 	DR
VENTUS RED 7 TX	フジクラ	¥50,000 	DR
VENTUS RED 8 R	フジクラ	¥50,000 	DR
VENTUS RED 8 SR	フジクラ	¥50,000 	DR
VENTUS RED 8 S	フジクラ	¥50,000 	DR
VENTUS RED 8 X	フジクラ	¥50,000 	DR
VENTUS RED 8 TX	フジクラ	¥50,000 	DR
VENTUS TR BLUE 5 R	フジクラ	¥50,000 	DR
VENTUS TR BLUE 5 SR	フジクラ	¥50,000 	DR
VENTUS TR BLUE 5 S	フジクラ	¥50,000 	DR
VENTUS TR BLUE 5 X	フジクラ	¥50,000 	DR
VENTUS TR BLUE 5 TX	フジクラ	¥50,000 	DR
VENTUS TR BLUE 6 R	フジクラ	¥50,000 	DR
VENTUS TR BLUE 6 SR	フジクラ	¥50,000 	DR
VENTUS TR BLUE 6 S	フジクラ	¥50,000 	DR
VENTUS TR BLUE 6 X	フジクラ	¥50,000 	DR
VENTUS TR BLUE 6 TX	フジクラ	¥50,000 	DR
VENTUS TR BLUE 7 R	フジクラ	¥50,000 	DR
VENTUS TR BLUE 7 SR	フジクラ	¥50,000 	DR
VENTUS TR BLUE 7 S	フジクラ	¥50,000 	DR
VENTUS TR BLUE 7 X	フジクラ	¥50,000 	DR
VENTUS TR BLUE 7 TX	フジクラ	¥50,000 	DR
VENTUS TR BLUE 8 R	フジクラ	¥50,000 	DR
VENTUS TR BLUE 8 SR	フジクラ	¥50,000 	DR
VENTUS TR BLUE 8 S	フジクラ	¥50,000 	DR
VENTUS TR BLUE 8 X	フジクラ	¥50,000 	DR
VENTUS TR BLUE 8 TX	フジクラ	¥50,000 	DR
VENTUS TR BLACK 6 R	フジクラ	¥50,000 	DR
VENTUS TR BLACK 6 SR	フジクラ	¥50,000 	DR
VENTUS TR BLACK 6 S	フジクラ	¥50,000 	DR
VENTUS TR BLACK 6 X	フジクラ	¥50,000 	DR
VENTUS TR BLACK 6 TX	フジクラ	¥50,000 	DR
VENTUS TR BLACK 7 R	フジクラ	¥50,000 	DR
VENTUS TR BLACK 7 SR	フジクラ	¥50,000 	DR
VENTUS TR BLACK 7 S	フジクラ	¥50,000 	DR
VENTUS TR BLACK 7 X	フジクラ	¥50,000 	DR
VENTUS TR BLACK 7 TX	フジクラ	¥50,000 	DR
VENTUS TR BLACK 8 R	フジクラ	¥50,000 	DR
VENTUS TR BLACK 8 SR	フジクラ	¥50,000 	DR
VENTUS TR BLACK 8 S	フジクラ	¥50,000 	DR
VENTUS TR BLACK 8 X	フジクラ	¥50,000 	DR
VENTUS TR BLACK 8 TX	フジクラ	¥50,000 	DR
VENTUS TR RED 5 R	フジクラ	¥50,000 	DR
VENTUS TR RED 5 SR	フジクラ	¥50,000 	DR
VENTUS TR RED 5 S	フジクラ	¥50,000 	DR
VENTUS TR RED 5 X	フジクラ	¥50,000 	DR
VENTUS TR RED 5 TX	フジクラ	¥50,000 	DR
VENTUS TR RED 6 R	フジクラ	¥50,000 	DR
VENTUS TR RED 6 SR	フジクラ	¥50,000 	DR
VENTUS TR RED 6 S	フジクラ	¥50,000 	DR
VENTUS TR RED 6 X	フジクラ	¥50,000 	DR
VENTUS TR RED 6 TX	フジクラ	¥50,000 	DR
VENTUS TR RED 7 R	フジクラ	¥50,000 	DR
VENTUS TR RED 7 SR	フジクラ	¥50,000 	DR
VENTUS TR RED 7 S	フジクラ	¥50,000 	DR
VENTUS TR RED 7 X	フジクラ	¥50,000 	DR
VENTUS TR RED 7 TX	フジクラ	¥50,000 	DR
VENTUS TR RED 8 R	フジクラ	¥50,000 	DR
VENTUS TR RED 8 SR	フジクラ	¥50,000 	DR
VENTUS TR RED 8 S	フジクラ	¥50,000 	DR
VENTUS TR RED 8 X	フジクラ	¥50,000 	DR
VENTUS TR RED 8 TX	フジクラ	¥50,000 	DR
VENTUS FW R	フジクラ	¥35,000 	FW
VENTUS FW SR	フジクラ	¥35,000 	FW
VENTUS FW S	フジクラ	¥35,000 	FW
VENTUS FW X	フジクラ	¥35,000 	FW
VENTUS FW TX	フジクラ	¥35,000 	FW
TENSEI CK PRO Orange 50 R	三菱ケミカル	¥35,000 	DR
TENSEI CK PRO Orange 50 SR	三菱ケミカル	¥35,000 	DR
TENSEI CK PRO Orange 50 S	三菱ケミカル	¥35,000 	DR
TENSEI CK PRO Orange 50 X	三菱ケミカル	¥35,000 	DR
TENSEI CK PRO Orange 60 R	三菱ケミカル	¥35,000 	DR
TENSEI CK PRO Orange 60 SR	三菱ケミカル	¥35,000 	DR
TENSEI CK PRO Orange 60 S	三菱ケミカル	¥35,000 	DR
TENSEI CK PRO Orange 60 X	三菱ケミカル	¥35,000 	DR
TENSEI CK PRO Orange 70 R	三菱ケミカル	¥35,000 	DR
TENSEI CK PRO Orange 70 SR	三菱ケミカル	¥35,000 	DR
TENSEI CK PRO Orange 70 S	三菱ケミカル	¥35,000 	DR
TENSEI CK PRO Orange 70 X	三菱ケミカル	¥35,000 	DR
TENSEI CK PRO White 50 R	三菱ケミカル	¥35,000 	DR
TENSEI CK PRO White 50 SR	三菱ケミカル	¥35,000 	DR
TENSEI CK PRO White 50 S	三菱ケミカル	¥35,000 	DR
TENSEI CK PRO White 50 X	三菱ケミカル	¥35,000 	DR
TENSEI CK PRO White 60 R	三菱ケミカル	¥35,000 	DR
TENSEI CK PRO White 60 SR	三菱ケミカル	¥35,000 	DR
TENSEI CK PRO White 60 S	三菱ケミカル	¥35,000 	DR
TENSEI CK PRO White 60 X	三菱ケミカル	¥35,000 	DR
TENSEI CK PRO White 70 R	三菱ケミカル	¥35,000 	DR
TENSEI CK PRO White 70 SR	三菱ケミカル	¥35,000 	DR
TENSEI CK PRO White 70 S	三菱ケミカル	¥35,000 	DR
TENSEI CK PRO White 70 X	三菱ケミカル	¥35,000 	DR
TENSEI CK PRO Blue 50 R	三菱ケミカル	¥35,000 	DR
TENSEI CK PRO Blue 50 SR	三菱ケミカル	¥35,000 	DR
TENSEI CK PRO Blue 50 S	三菱ケミカル	¥35,000 	DR
TENSEI CK PRO Blue 50 X	三菱ケミカル	¥35,000 	DR
TENSEI CK PRO Blue 60 R	三菱ケミカル	¥35,000 	DR
TENSEI CK PRO Blue 60 SR	三菱ケミカル	¥35,000 	DR
TENSEI CK PRO Blue 60 S	三菱ケミカル	¥35,000 	DR
TENSEI CK PRO Blue 60 X	三菱ケミカル	¥35,000 	DR
TENSEI CK PRO Blue 70 R	三菱ケミカル	¥35,000 	DR
TENSEI CK PRO Blue 70 SR	三菱ケミカル	¥35,000 	DR
TENSEI CK PRO Blue 70 S	三菱ケミカル	¥35,000 	DR
TENSEI CK PRO Blue 70 X	三菱ケミカル	¥35,000 	DR
TENSEI AV Raw Orange 55 R	三菱ケミカル	¥42,000 	DR
TENSEI AV Raw Orange 55 SR	三菱ケミカル	¥42,000 	DR
TENSEI AV Raw Orange 55 S	三菱ケミカル	¥42,000 	DR
TENSEI AV Raw Orange 65 R	三菱ケミカル	¥42,000 	DR
TENSEI AV Raw Orange 65 SR	三菱ケミカル	¥42,000 	DR
TENSEI AV Raw Orange 65 S	三菱ケミカル	¥42,000 	DR
TENSEI AV Raw Orange 65 X	三菱ケミカル	¥42,000 	DR
TENSEI AV Raw Orange 75 R	三菱ケミカル	¥42,000 	DR
TENSEI AV Raw Orange 75 SR	三菱ケミカル	¥42,000 	DR
TENSEI AV Raw Orange 75 S	三菱ケミカル	¥42,000 	DR
TENSEI AV Raw Orange 75 X	三菱ケミカル	¥42,000 	DR
TENSEI AV Raw White 55 R	三菱ケミカル	¥42,000 	DR
TENSEI AV Raw White 55 SR	三菱ケミカル	¥42,000 	DR
TENSEI AV Raw White 55 S	三菱ケミカル	¥42,000 	DR
TENSEI AV Raw White 65 R	三菱ケミカル	¥42,000 	DR
TENSEI AV Raw White 65 SR	三菱ケミカル	¥42,000 	DR
TENSEI AV Raw White 65 S	三菱ケミカル	¥42,000 	DR
TENSEI AV Raw White 65 X	三菱ケミカル	¥42,000 	DR
TENSEI AV Raw White 75 R	三菱ケミカル	¥42,000 	DR
TENSEI AV Raw White 75 SR	三菱ケミカル	¥42,000 	DR
TENSEI AV Raw White 75 S	三菱ケミカル	¥42,000 	DR
TENSEI AV Raw White 75 X	三菱ケミカル	¥42,000 	DR
TENSEI AV Raw Blue 55 R	三菱ケミカル	¥42,000 	DR
TENSEI AV Raw Blue 55 SR	三菱ケミカル	¥42,000 	DR
TENSEI AV Raw Blue 55 S	三菱ケミカル	¥42,000 	DR
TENSEI AV Raw Blue 65 R	三菱ケミカル	¥42,000 	DR
TENSEI AV Raw Blue 65 SR	三菱ケミカル	¥42,000 	DR
TENSEI AV Raw Blue 65 S	三菱ケミカル	¥42,000 	DR
TENSEI AV Raw Blue 65 X	三菱ケミカル	¥42,000 	DR
TENSEI AV Raw Blue 75 R	三菱ケミカル	¥42,000 	DR
TENSEI AV Raw Blue 75 SR	三菱ケミカル	¥42,000 	DR
TENSEI AV Raw Blue 75 S	三菱ケミカル	¥42,000 	DR
TENSEI AV Raw Blue 75 X	三菱ケミカル	¥42,000 	DR
TOUR AD DI-5 R	グラファイトデザイン	¥35,000 	DR
TOUR AD DI-5 SR	グラファイトデザイン	¥35,000 	DR
TOUR AD DI-5 S	グラファイトデザイン	¥35,000 	DR
TOUR AD DI-5 X	グラファイトデザイン	¥35,000 	DR
TOUR AD DI-6 R	グラファイトデザイン	¥35,000 	DR
TOUR AD DI-6 SR	グラファイトデザイン	¥35,000 	DR
TOUR AD DI-6 S	グラファイトデザイン	¥35,000 	DR
TOUR AD DI-6 X	グラファイトデザイン	¥35,000 	DR
TOUR AD DI-7 R	グラファイトデザイン	¥35,000 	DR
TOUR AD DI-7 SR	グラファイトデザイン	¥35,000 	DR
TOUR AD DI-7 S	グラファイトデザイン	¥35,000 	DR
TOUR AD DI-7 X	グラファイトデザイン	¥35,000 	DR
TOUR AD IZ-5 R	グラファイトデザイン	¥38,000 	DR
TOUR AD IZ-5 SR	グラファイトデザイン	¥38,000 	DR
TOUR AD IZ-5 S	グラファイトデザイン	¥38,000 	DR
TOUR AD IZ-5 X	グラファイトデザイン	¥38,000 	DR
TOUR AD IZ-6 R	グラファイトデザイン	¥38,000 	DR
TOUR AD IZ-6 SR	グラファイトデザイン	¥38,000 	DR
TOUR AD IZ-6 S	グラファイトデザイン	¥38,000 	DR
TOUR AD IZ-6 X	グラファイトデザイン	¥38,000 	DR
TOUR AD IZ-7 R	グラファイトデザイン	¥38,000 	DR
TOUR AD IZ-7 SR	グラファイトデザイン	¥38,000 	DR
TOUR AD IZ-7 S	グラファイトデザイン	¥38,000 	DR
TOUR AD IZ-7 X	グラファイトデザイン	¥38,000 	DR
TOUR AD CQ-5 R	グラファイトデザイン	¥40,000 	DR
TOUR AD CQ-5 SR	グラファイトデザイン	¥40,000 	DR
TOUR AD CQ-5 S	グラファイトデザイン	¥40,000 	DR
TOUR AD CQ-5 X	グラファイトデザイン	¥40,000 	DR
TOUR AD CQ-6 R	グラファイトデザイン	¥40,000 	DR
TOUR AD CQ-6 SR	グラファイトデザイン	¥40,000 	DR
TOUR AD CQ-6 S	グラファイトデザイン	¥40,000 	DR
TOUR AD CQ-6 X	グラファイトデザイン	¥40,000 	DR
TOUR AD CQ-7 R	グラファイトデザイン	¥40,000 	DR
TOUR AD CQ-7 SR	グラファイトデザイン	¥40,000 	DR
TOUR AD CQ-7 S	グラファイトデザイン	¥40,000 	DR
TOUR AD CQ-7 X	グラファイトデザイン	¥40,000 	DR
TOUR AD VF-5 R	グラファイトデザイン	¥42,000 	DR
TOUR AD VF-5 SR	グラファイトデザイン	¥42,000 	DR
TOUR AD VF-5 S	グラファイトデザイン	¥42,000 	DR
TOUR AD VF-5 X	グラファイトデザイン	¥42,000 	DR
TOUR AD VF-6 R	グラファイトデザイン	¥42,000 	DR
TOUR AD VF-6 SR	グラファイトデザイン	¥42,000 	DR
TOUR AD VF-6 S	グラファイトデザイン	¥42,000 	DR
TOUR AD VF-6 X	グラファイトデザイン	¥42,000 	DR
TOUR AD VF-7 R	グラファイトデザイン	¥42,000 	DR
TOUR AD VF-7 SR	グラファイトデザイン	¥42,000 	DR
TOUR AD VF-7 S	グラファイトデザイン	¥42,000 	DR
TOUR AD VF-7 X	グラファイトデザイン	¥42,000 	DR
TOUR AD FI-5 R	グラファイトデザイン	¥42,000 	DR
TOUR AD FI-5 SR	グラファイトデザイン	¥42,000 	DR
TOUR AD FI-5 S	グラファイトデザイン	¥42,000 	DR
TOUR AD FI-5 X	グラファイトデザイン	¥42,000 	DR
TOUR AD FI-6 R	グラファイトデザイン	¥42,000 	DR
TOUR AD FI-6 SR	グラファイトデザイン	¥42,000 	DR
TOUR AD FI-6 S	グラファイトデザイン	¥42,000 	DR
TOUR AD FI-6 X	グラファイトデザイン	¥42,000 	DR
TOUR AD FI-7 R	グラファイトデザイン	¥42,000 	DR
TOUR AD FI-7 SR	グラファイトデザイン	¥42,000 	DR
TOUR AD FI-7 S	グラファイトデザイン	¥42,000 	DR
TOUR AD FI-7 X	グラファイトデザイン	¥42,000 	DR
TOUR AD FI-7 TX	グラファイトデザイン	¥42,000 	DR
TOUR AD BB-5 R	グラファイトデザイン	¥35,000 	DR
TOUR AD BB-5 SR	グラファイトデザイン	¥35,000 	DR
TOUR AD BB-5 S	グラファイトデザイン	¥35,000 	DR
TOUR AD BB-5 X	グラファイトデザイン	¥35,000 	DR
TOUR AD BB-6 R	グラファイトデザイン	¥35,000 	DR
TOUR AD BB-6 SR	グラファイトデザイン	¥35,000 	DR
TOUR AD BB-6 S	グラファイトデザイン	¥35,000 	DR
TOUR AD BB-6 X	グラファイトデザイン	¥35,000 	DR
TOUR AD BB-7 R	グラファイトデザイン	¥35,000 	DR
TOUR AD BB-7 SR	グラファイトデザイン	¥35,000 	DR
TOUR AD BB-7 S	グラファイトデザイン	¥35,000 	DR
TOUR AD BB-7 X	グラファイトデザイン	¥35,000 	DR
TOUR AD MT-5 R	グラファイトデザイン	¥35,000 	DR
TOUR AD MT-5 SR	グラファイトデザイン	¥35,000 	DR
TOUR AD MT-5 S	グラファイトデザイン	¥35,000 	DR
TOUR AD MT-5 X	グラファイトデザイン	¥35,000 	DR
TOUR AD MT-6 R	グラファイトデザイン	¥35,000 	DR
TOUR AD MT-6 SR	グラファイトデザイン	¥35,000 	DR
TOUR AD MT-6 S	グラファイトデザイン	¥35,000 	DR
TOUR AD MT-6 X	グラファイトデザイン	¥35,000 	DR
TOUR AD MT-7 R	グラファイトデザイン	¥35,000 	DR
TOUR AD MT-7 SR	グラファイトデザイン	¥35,000 	DR
TOUR AD MT-7 S	グラファイトデザイン	¥35,000 	DR
TOUR AD MT-7 X	グラファイトデザイン	¥35,000 	DR
TOUR AD PT-5 R	グラファイトデザイン	¥35,000 	DR
TOUR AD PT-5 SR	グラファイトデザイン	¥35,000 	DR
TOUR AD PT-5 S	グラファイトデザイン	¥35,000 	DR
TOUR AD PT-5 X	グラファイトデザイン	¥35,000 	DR
TOUR AD PT-6 R	グラファイトデザイン	¥35,000 	DR
TOUR AD PT-6 SR	グラファイトデザイン	¥35,000 	DR
TOUR AD PT-6 S	グラファイトデザイン	¥35,000 	DR
TOUR AD PT-6 X	グラファイトデザイン	¥35,000 	DR
TOUR AD PT-7 R	グラファイトデザイン	¥35,000 	DR
TOUR AD PT-7 SR	グラファイトデザイン	¥35,000 	DR
TOUR AD PT-7 S	グラファイトデザイン	¥35,000 	DR
TOUR AD PT-7 X	グラファイトデザイン	¥35,000 	DR
TOUR AD XC-5 R	グラファイトデザイン	¥35,000 	DR
TOUR AD XC-5 SR	グラファイトデザイン	¥35,000 	DR
TOUR AD XC-5 S	グラファイトデザイン	¥35,000 	DR
TOUR AD XC-5 X	グラファイトデザイン	¥35,000 	DR
TOUR AD XC-6 R	グラファイトデザイン	¥35,000 	DR
TOUR AD XC-6 SR	グラファイトデザイン	¥35,000 	DR
TOUR AD XC-6 S	グラファイトデザイン	¥35,000 	DR
TOUR AD XC-6 X	グラファイトデザイン	¥35,000 	DR
TOUR AD XC-7 R	グラファイトデザイン	¥35,000 	DR
TOUR AD XC-7 SR	グラファイトデザイン	¥35,000 	DR
TOUR AD XC-7 S	グラファイトデザイン	¥35,000 	DR
TOUR AD XC-7 X	グラファイトデザイン	¥35,000 	DR
TOUR AD GP-5 R	グラファイトデザイン	¥35,000 	DR
TOUR AD GP-5 SR	グラファイトデザイン	¥35,000 	DR
TOUR AD GP-5 S	グラファイトデザイン	¥35,000 	DR
TOUR AD GP-5 X	グラファイトデザイン	¥35,000 	DR
TOUR AD GP-6 R	グラファイトデザイン	¥35,000 	DR
TOUR AD GP-6 SR	グラファイトデザイン	¥35,000 	DR
TOUR AD GP-6 S	グラファイトデザイン	¥35,000 	DR
TOUR AD GP-6 X	グラファイトデザイン	¥35,000 	DR
TOUR AD GP-7 R	グラファイトデザイン	¥35,000 	DR
TOUR AD GP-7 SR	グラファイトデザイン	¥35,000 	DR
TOUR AD GP-7 S	グラファイトデザイン	¥35,000 	DR
TOUR AD GP-7 X	グラファイトデザイン	¥35,000 	DR
TOUR AD SL-4 R	グラファイトデザイン	¥30,000 	DR
TOUR AD SL-4 SR	グラファイトデザイン	¥30,000 	DR
TOUR AD SL-4 S	グラファイトデザイン	¥30,000 	DR
TOUR AD SL-5 R	グラファイトデザイン	¥30,000 	DR
TOUR AD SL-5 SR	グラファイトデザイン	¥30,000 	DR
TOUR AD SL-5 S	グラファイトデザイン	¥30,000 	DR
TOUR AD SL-6 R	グラファイトデザイン	¥30,000 	DR
TOUR AD SL-6 SR	グラファイトデザイン	¥30,000 	DR
TOUR AD SL-6 S	グラファイトデザイン	¥30,000 	DR
TOUR AD MJ-5 R	グラファイトデザイン	¥38,000 	DR
TOUR AD MJ-5 SR	グラファイトデザイン	¥38,000 	DR
TOUR AD MJ-5 S	グラファイトデザイン	¥38,000 	DR
TOUR AD MJ-5 X	グラファイトデザイン	¥38,000 	DR
TOUR AD MJ-6 R	グラファイトデザイン	¥38,000 	DR
TOUR AD MJ-6 SR	グラファイトデザイン	¥38,000 	DR
TOUR AD MJ-6 S	グラファイトデザイン	¥38,000 	DR
TOUR AD MJ-6 X	グラファイトデザイン	¥38,000 	DR
TOUR AD MJ-7 R	グラファイトデザイン	¥38,000 	DR
TOUR AD MJ-7 SR	グラファイトデザイン	¥38,000 	DR
TOUR AD MJ-7 S	グラファイトデザイン	¥38,000 	DR
TOUR AD MJ-7 X	グラファイトデザイン	¥38,000 	DR
TOUR AD TP-5 R	グラファイトデザイン	¥35,000 	DR
TOUR AD TP-5 SR	グラファイトデザイン	¥35,000 	DR
TOUR AD TP-5 S	グラファイトデザイン	¥35,000 	DR
TOUR AD TP-5 X	グラファイトデザイン	¥35,000 	DR
TOUR AD TP-6 R	グラファイトデザイン	¥35,000 	DR
TOUR AD TP-6 SR	グラファイトデザイン	¥35,000 	DR
TOUR AD TP-6 S	グラファイトデザイン	¥35,000 	DR
TOUR AD TP-6 X	グラファイトデザイン	¥35,000 	DR
TOUR AD TP-7 R	グラファイトデザイン	¥35,000 	DR
TOUR AD TP-7 SR	グラファイトデザイン	¥35,000 	DR
TOUR AD TP-7 S	グラファイトデザイン	¥35,000 	DR
TOUR AD TP-7 X	グラファイトデザイン	¥35,000 	DR
TOUR AD TP-8 S	グラファイトデザイン	¥35,000 	DR
TOUR AD TP-8 X	グラファイトデザイン	¥35,000 	DR
TOUR AD TP-9 S	グラファイトデザイン	¥35,000 	DR
TOUR AD TP-9 X	グラファイトデザイン	¥35,000 	DR
TOUR AD TP-10 S	グラファイトデザイン	¥35,000 	DR
TOUR AD TP-10 X	グラファイトデザイン	¥35,000 	DR
TOUR AD IZ FW-5 R	グラファイトデザイン	¥32,000 	FW
TOUR AD IZ FW-5 SR	グラファイトデザイン	¥32,000 	FW
TOUR AD IZ FW-5 S	グラファイトデザイン	¥32,000 	FW
TOUR AD IZ FW-6 R	グラファイトデザイン	¥32,000 	FW
TOUR AD IZ FW-6 SR	グラファイトデザイン	¥32,000 	FW
TOUR AD IZ FW-6 S	グラファイトデザイン	¥32,000 	FW
TOUR AD IZ FW-7 R	グラファイトデザイン	¥32,000 	FW
TOUR AD IZ FW-7 SR	グラファイトデザイン	¥32,000 	FW
TOUR AD IZ FW-7 S	グラファイトデザイン	¥32,000 	FW
TOUR AD IZ FW-8 R	グラファイトデザイン	¥32,000 	FW
TOUR AD IZ FW-8 SR	グラファイトデザイン	¥32,000 	FW
TOUR AD IZ FW-8 S	グラファイトデザイン	¥32,000 	FW
TOUR AD IZ FW-8 X	グラファイトデザイン	¥32,000 	FW
TOUR AD DI FW-5 R	グラファイトデザイン	¥28,000 	FW
TOUR AD DI FW-5 SR	グラファイトデザイン	¥28,000 	FW
TOUR AD DI FW-5 S	グラファイトデザイン	¥28,000 	FW
TOUR AD DI FW-6 R	グラファイトデザイン	¥28,000 	FW
TOUR AD DI FW-6 SR	グラファイトデザイン	¥28,000 	FW
TOUR AD DI FW-6 S	グラファイトデザイン	¥28,000 	FW
TOUR AD DI FW-7 R	グラファイトデザイン	¥28,000 	FW
TOUR AD DI FW-7 SR	グラファイトデザイン	¥28,000 	FW
TOUR AD DI FW-7 S	グラファイトデザイン	¥28,000 	FW
TOUR AD DI FW-8 R	グラファイトデザイン	¥28,000 	FW
TOUR AD DI FW-8 SR	グラファイトデザイン	¥28,000 	FW
TOUR AD DI FW-8 S	グラファイトデザイン	¥28,000 	FW
TOUR AD DI FW-8 X	グラファイトデザイン	¥28,000 	FW
TOUR AD HY-75 R	グラファイトデザイン	¥28,000 	UT
TOUR AD HY-75 SR	グラファイトデザイン	¥28,000 	UT
TOUR AD HY-75 S	グラファイトデザイン	¥28,000 	UT
TOUR AD HY-85 R	グラファイトデザイン	¥28,000 	UT
TOUR AD HY-85 SR	グラファイトデザイン	¥28,000 	UT
TOUR AD HY-85 S	グラファイトデザイン	¥28,000 	UT
TOUR AD HY-95 R	グラファイトデザイン	¥28,000 	UT
TOUR AD HY-95 SR	グラファイトデザイン	¥28,000 	UT
TOUR AD HY-95 S	グラファイトデザイン	¥28,000 	UT
TOUR AD HY-105 S	グラファイトデザイン	¥28,000 	UT
TOUR AD HY-105 X	グラファイトデザイン	¥28,000 	UT
ATTAS KING R	UST マミヤ	¥45,000 	DR
ATTAS KING SR	UST マミヤ	¥45,000 	DR
ATTAS KING S	UST マミヤ	¥45,000 	DR
ATTAS KING X	UST マミヤ	¥45,000 	DR
ATTAS KING 2X	UST マミヤ	¥45,000 	DR
ATTAS PUNCH R	UST マミヤ	¥40,000 	DR
ATTAS PUNCH SR	UST マミヤ	¥40,000 	DR
ATTAS PUNCH S	UST マミヤ	¥40,000 	DR
ATTAS PUNCH X	UST マミヤ	¥40,000 	DR
ATTAS PUNCH 2X	UST マミヤ	¥40,000 	DR
ATTAS CABLE R	UST マミヤ	¥38,000 	DR
ATTAS CABLE SR	UST マミヤ	¥38,000 	DR
ATTAS CABLE S	UST マミヤ	¥38,000 	DR
ATTAS CABLE X	UST マミヤ	¥38,000 	DR
ATTAS CABLE 2X	UST マミヤ	¥38,000 	DR
ATTAS G7 45 R	UST マミヤ	¥30,000 	DR
ATTAS G7 45 SR	UST マミヤ	¥30,000 	DR
ATTAS G7 45 S	UST マミヤ	¥30,000 	DR
ATTAS G7 55 R	UST マミヤ	¥30,000 	DR
ATTAS G7 55 SR	UST マミヤ	¥30,000 	DR
ATTAS G7 55 S	UST マミヤ	¥30,000 	DR
ATTAS G7 55 X	UST マミヤ	¥30,000 	DR
ATTAS G7 65 R	UST マミヤ	¥30,000 	DR
ATTAS G7 65 SR	UST マミヤ	¥30,000 	DR
ATTAS G7 65 S	UST マミヤ	¥30,000 	DR
ATTAS G7 65 X	UST マミヤ	¥30,000 	DR
ATTAS G7 75 R	UST マミヤ	¥30,000 	DR
ATTAS G7 75 SR	UST マミヤ	¥30,000 	DR
ATTAS G7 75 S	UST マミヤ	¥30,000 	DR
ATTAS G7 75 X	UST マミヤ	¥30,000 	DR
ATTAS T2 45 R	UST マミヤ	¥32,000 	DR
ATTAS T2 45 SR	UST マミヤ	¥32,000 	DR
ATTAS T2 45 S	UST マミヤ	¥32,000 	DR
ATTAS T2 55 R	UST マミヤ	¥32,000 	DR
ATTAS T2 55 SR	UST マミヤ	¥32,000 	DR
ATTAS T2 55 S	UST マミヤ	¥32,000 	DR
ATTAS T2 55 X	UST マミヤ	¥32,000 	DR
ATTAS T2 65 R	UST マミヤ	¥32,000 	DR
ATTAS T2 65 SR	UST マミヤ	¥32,000 	DR
ATTAS T2 65 S	UST マミヤ	¥32,000 	DR
ATTAS T2 65 X	UST マミヤ	¥32,000 	DR
ATTAS T2 75 R	UST マミヤ	¥32,000 	DR
ATTAS T2 75 SR	UST マミヤ	¥32,000 	DR
ATTAS T2 75 S	UST マミヤ	¥32,000 	DR
ATTAS T2 75 X	UST マミヤ	¥32,000 	DR
Regio Formula B+ 45 R	デザインチューニング	¥35,000 	DR
Regio Formula B+ 45 SR	デザインチューニング	¥35,000 	DR
Regio Formula B+ 45 S	デザインチューニング	¥35,000 	DR
Regio Formula B+ 55 R	デザインチューニング	¥35,000 	DR
Regio Formula B+ 55 SR	デザインチューニング	¥35,000 	DR
Regio Formula B+ 55 S	デザインチューニング	¥35,000 	DR
Regio Formula B+ 55 X	デザインチューニング	¥35,000 	DR
Regio Formula B+ 65 R	デザインチューニング	¥35,000 	DR
Regio Formula B+ 65 SR	デザインチューニング	¥35,000 	DR
Regio Formula B+ 65 S	デザインチューニング	¥35,000 	DR
Regio Formula B+ 65 X	デザインチューニング	¥35,000 	DR
Regio Formula B+ 75 R	デザインチューニング	¥35,000 	DR
Regio Formula B+ 75 SR	デザインチューニング	¥35,000 	DR
Regio Formula B+ 75 S	デザインチューニング	¥35,000 	DR
Regio Formula B+ 75 X	デザインチューニング	¥35,000 	DR
Regio Formula MB+ 45 R	デザインチューニング	¥35,000 	DR
Regio Formula MB+ 45 SR	デザインチューニング	¥35,000 	DR
Regio Formula MB+ 45 S	デザインチューニング	¥35,000 	DR
Regio Formula MB+ 55 R	デザインチューニング	¥35,000 	DR
Regio Formula MB+ 55 SR	デザインチューニング	¥35,000 	DR
Regio Formula MB+ 55 S	デザインチューニング	¥35,000 	DR
Regio Formula MB+ 55 X	デザインチューニング	¥35,000 	DR
Regio Formula MB+ 65 R	デザインチューニング	¥35,000 	DR
Regio Formula MB+ 65 SR	デザインチューニング	¥35,000 	DR
Regio Formula MB+ 65 S	デザインチューニング	¥35,000 	DR
Regio Formula MB+ 65 X	デザインチューニング	¥35,000 	DR
Regio Formula MB+ 75 R	デザインチューニング	¥35,000 	DR
Regio Formula MB+ 75 SR	デザインチューニング	¥35,000 	DR
Regio Formula MB+ 75 S	デザインチューニング	¥35,000 	DR
Regio Formula MB+ 75 X	デザインチューニング	¥35,000 	DR
Regio Formula M+ 45 R	デザインチューニング	¥35,000 	DR
Regio Formula M+ 45 SR	デザインチューニング	¥35,000 	DR
Regio Formula M+ 45 S	デザインチューニング	¥35,000 	DR
Regio Formula M+ 55 R	デザインチューニング	¥35,000 	DR
Regio Formula M+ 55 SR	デザインチューニング	¥35,000 	DR
Regio Formula M+ 55 S	デザインチューニング	¥35,000 	DR
Regio Formula M+ 55 X	デザインチューニング	¥35,000 	DR
Regio Formula M+ 65 R	デザインチューニング	¥35,000 	DR
Regio Formula M+ 65 SR	デザインチューニング	¥35,000 	DR
Regio Formula M+ 65 S	デザインチューニング	¥35,000 	DR
Regio Formula M+ 65 X	デザインチューニング	¥35,000 	DR
Regio Formula M+ 75 R	デザインチューニング	¥35,000 	DR
Regio Formula M+ 75 SR	デザインチューニング	¥35,000 	DR
Regio Formula M+ 75 S	デザインチューニング	¥35,000 	DR
Regio Formula M+ 75 X	デザインチューニング	¥35,000 	DR
Regio Formula WT 45 R	デザインチューニング	¥35,000 	DR
Regio Formula WT 45 SR	デザインチューニング	¥35,000 	DR
Regio Formula WT 45 S	デザインチューニング	¥35,000 	DR
Regio Formula WT 55 R	デザインチューニング	¥35,000 	DR
Regio Formula WT 55 SR	デザインチューニング	¥35,000 	DR
Regio Formula WT 55 S	デザインチューニング	¥35,000 	DR
Regio Formula WT 55 X	デザインチューニング	¥35,000 	DR
Regio Formula WT 65 R	デザインチューニング	¥35,000 	DR
Regio Formula WT 65 SR	デザインチューニング	¥35,000 	DR
Regio Formula WT 65 S	デザインチューニング	¥35,000 	DR
Regio Formula WT 65 X	デザインチューニング	¥35,000 	DR
Regio Formula WT 75 R	デザインチューニング	¥35,000 	DR
Regio Formula WT 75 SR	デザインチューニング	¥35,000 	DR
Regio Formula WT 75 S	デザインチューニング	¥35,000 	DR
Regio Formula WT 75 X	デザインチューニング	¥35,000 	DR
Regio Formula FW 55 R	デザインチューニング	¥30,000 	FW
Regio Formula FW 55 SR	デザインチューニング	¥30,000 	FW
Regio Formula FW 55 S	デザインチューニング	¥30,000 	FW
Regio Formula FW 65 R	デザインチューニング	¥30,000 	FW
Regio Formula FW 65 SR	デザインチューニング	¥30,000 	FW
Regio Formula FW 65 S	デザインチューニング	¥30,000 	FW
Regio Formula FW 65 X	デザインチューニング	¥30,000 	FW
Regio Formula FW 75 R	デザインチューニング	¥30,000 	FW
Regio Formula FW 75 SR	デザインチューニング	¥30,000 	FW
Regio Formula FW 75 S	デザインチューニング	¥30,000 	FW
Regio Formula FW 75 X	デザインチューニング	¥30,000 	FW
Regio Formula UT 75 R	デザインチューニング	¥28,000 	UT
Regio Formula UT 75 SR	デザインチューニング	¥28,000 	UT
Regio Formula UT 75 S	デザインチューニング	¥28,000 	UT
Regio Formula UT 85 R	デザインチューニング	¥28,000 	UT
Regio Formula UT 85 SR	デザインチューニング	¥28,000 	UT
Regio Formula UT 85 S	デザインチューニング	¥28,000 	UT
Regio Formula UT 85 X	デザインチューニング	¥28,000 	UT
Regio Formula UT 95 R	デザインチューニング	¥28,000 	UT
Regio Formula UT 95 SR	デザインチューニング	¥28,000 	UT
Regio Formula UT 95 S	デザインチューニング	¥28,000 	UT
Regio Formula UT 95 X	デザインチューニング	¥28,000 	UT
Arch Prototype III R	Arch/ARCH	¥70,000 	DR
Arch Prototype III SR	Arch/ARCH	¥70,000 	DR
Arch Prototype III S	Arch/ARCH	¥70,000 	DR
Arch Prototype III X	Arch/ARCH	¥70,000 	DR
Arch Prototype III 2X	Arch/ARCH	¥70,000 	DR
Arch GR-33 R	Arch/ARCH	¥50,000 	DR
Arch GR-33 SR	Arch/ARCH	¥50,000 	DR
Arch GR-33 S	Arch/ARCH	¥50,000 	DR
Arch GR-33 X	Arch/ARCH	¥50,000 	DR
Arch GR-33 2X	Arch/ARCH	¥50,000 	DR
Arch GR-33 3X	Arch/ARCH	¥50,000 	DR
Arch GR-11 R	Arch/ARCH	¥60,000 	DR
Arch GR-11 SR	Arch/ARCH	¥60,000 	DR
Arch GR-11 S	Arch/ARCH	¥60,000 	DR
Arch GR-11 X	Arch/ARCH	¥60,000 	DR
Arch GR-11 2X	Arch/ARCH	¥60,000 	DR
Arch GR-11 3X	Arch/ARCH	¥60,000 	DR
Arch GR-11 4X	Arch/ARCH	¥60,000 	DR
Arch Proof R	Arch/ARCH	¥65,000 	DR
Arch Proof SR	Arch/ARCH	¥65,000 	DR
Arch Proof S	Arch/ARCH	¥65,000 	DR
Arch Proof X	Arch/ARCH	¥65,000 	DR
Arch Proof 2X	Arch/ARCH	¥65,000 	DR
Arch Proof 3X	Arch/ARCH	¥65,000 	DR
Arch Proof 4X	Arch/ARCH	¥65,000 	DR
Arch FW GR-33 R	Arch/ARCH	¥45,000 	FW
Arch FW GR-33 SR	Arch/ARCH	¥45,000 	FW
Arch FW GR-33 S	Arch/ARCH	¥45,000 	FW
Arch FW GR-33 X	Arch/ARCH	¥45,000 	FW
Arch FW GR-33 2X	Arch/ARCH	¥45,000 	FW
Arch FW GR-11 R	Arch/ARCH	¥50,000 	FW
Arch FW GR-11 SR	Arch/ARCH	¥50,000 	FW
Arch FW GR-11 S	Arch/ARCH	¥50,000 	FW
Arch FW GR-11 X	Arch/ARCH	¥50,000 	FW
Arch FW GR-11 2X	Arch/ARCH	¥50,000 	FW
REVE REVE-X R	REVE	¥55,000 	DR
REVE REVE-X SR	REVE	¥55,000 	DR
REVE REVE-X S	REVE	¥55,000 	DR
REVE REVE-X X	REVE	¥55,000 	DR
REVE REVE-X 2X	REVE	¥55,000 	DR
REVE REVE-X FW R	REVE	¥45,000 	FW
REVE REVE-X FW SR	REVE	¥45,000 	FW
REVE REVE-X FW S	REVE	¥45,000 	FW
REVE REVE-X FW X	REVE	¥45,000 	FW
REVE REVE-X FW 2X	REVE	¥45,000 	FW
REVE CX-01 R	REVE	¥45,000 	DR
REVE CX-01 SR	REVE	¥45,000 	DR
REVE CX-01 S	REVE	¥45,000 	DR
REVE CX-01 X	REVE	¥45,000 	DR
REVE CX-01 2X	REVE	¥45,000 	DR
REVE CX-01 FW R	REVE	¥38,000 	FW
REVE CX-01 FW SR	REVE	¥38,000 	FW
REVE CX-01 FW S	REVE	¥38,000 	FW
REVE CX-01 FW X	REVE	¥38,000 	FW
NS PRO REGIO Formula TYPE-M 45 R	日本シャフト	¥25,000 	DR
NS PRO REGIO Formula TYPE-M 45 SR	日本シャフト	¥25,000 	DR
NS PRO REGIO Formula TYPE-M 45 S	日本シャフト	¥25,000 	DR
NS PRO REGIO Formula TYPE-M 55 R	日本シャフト	¥25,000 	DR
NS PRO REGIO Formula TYPE-M 55 SR	日本シャフト	¥25,000 	DR
NS PRO REGIO Formula TYPE-M 55 S	日本シャフト	¥25,000 	DR
NS PRO REGIO Formula TYPE-M 55 X	日本シャフト	¥25,000 	DR
NS PRO REGIO Formula TYPE-M 65 R	日本シャフト	¥25,000 	DR
NS PRO REGIO Formula TYPE-M 65 SR	日本シャフト	¥25,000 	DR
NS PRO REGIO Formula TYPE-M 65 S	日本シャフト	¥25,000 	DR
NS PRO REGIO Formula TYPE-M 65 X	日本シャフト	¥25,000 	DR
NS PRO REGIO Formula TYPE-M 75 R	日本シャフト	¥25,000 	DR
NS PRO REGIO Formula TYPE-M 75 SR	日本シャフト	¥25,000 	DR
NS PRO REGIO Formula TYPE-M 75 S	日本シャフト	¥25,000 	DR
NS PRO REGIO Formula TYPE-M 75 X	日本シャフト	¥25,000 	DR
NS PRO REGIO Formula TYPE-M FW 55 R	日本シャフト	¥22,000 	FW
NS PRO REGIO Formula TYPE-M FW 55 SR	日本シャフト	¥22,000 	FW
NS PRO REGIO Formula TYPE-M FW 55 S	日本シャフト	¥22,000 	FW
NS PRO REGIO Formula TYPE-M FW 65 R	日本シャフト	¥22,000 	FW
NS PRO REGIO Formula TYPE-M FW 65 SR	日本シャフト	¥22,000 	FW
NS PRO REGIO Formula TYPE-M FW 65 S	日本シャフト	¥22,000 	FW
NS PRO REGIO Formula TYPE-M FW 65 X	日本シャフト	¥22,000 	FW
NS PRO REGIO Formula TYPE-M FW 75 R	日本シャフト	¥22,000 	FW
NS PRO REGIO Formula TYPE-M FW 75 SR	日本シャフト	¥22,000 	FW
NS PRO REGIO Formula TYPE-M FW 75 S	日本シャフト	¥22,000 	FW
NS PRO REGIO Formula TYPE-M FW 75 X	日本シャフト	¥22,000 	FW
NS PRO REGIO Formula TYPE-M UT 75 R	日本シャフト	¥20,000 	UT
NS PRO REGIO Formula TYPE-M UT 75 SR	日本シャフト	¥20,000 	UT
NS PRO REGIO Formula TYPE-M UT 75 S	日本シャフト	¥20,000 	UT
NS PRO REGIO Formula TYPE-M UT 85 R	日本シャフト	¥20,000 	UT
NS PRO REGIO Formula TYPE-M UT 85 SR	日本シャフト	¥20,000 	UT
NS PRO REGIO Formula TYPE-M UT 85 S	日本シャフト	¥20,000 	UT
NS PRO REGIO Formula TYPE-M UT 85 X	日本シャフト	¥20,000 	UT
NS PRO REGIO Formula TYPE-M UT 95 R	日本シャフト	¥20,000 	UT
NS PRO REGIO Formula TYPE-M UT 95 SR	日本シャフト	¥20,000 	UT
NS PRO REGIO Formula TYPE-M UT 95 S	日本シャフト	¥20,000 	UT
NS PRO REGIO Formula TYPE-M UT 95 X	日本シャフト	¥20,000 	UT
GRAVITY G-30 R	グラヴィティ	¥35,000 	DR
GRAVITY G-30 SR	グラヴィティ	¥35,000 	DR
GRAVITY G-30 S	グラヴィティ	¥35,000 	DR
GRAVITY G-30 X	グラヴィティ	¥35,000 	DR
GRAVITY G-50 R	グラヴィティ	¥35,000 	DR
GRAVITY G-50 SR	グラヴィティ	¥35,000 	DR
GRAVITY G-50 S	グラヴィティ	¥35,000 	DR
GRAVITY G-50 X	グラヴィティ	¥35,000 	DR
GRAVITY G-60 R	グラヴィティ	¥35,000 	DR
GRAVITY G-60 SR	グラヴィティ	¥35,000 	DR
GRAVITY G-60 S	グラヴィティ	¥35,000 	DR
GRAVITY G-60 X	グラヴィティ	¥35,000 	DR
GRAVITY G-70 R	グラヴィティ	¥35,000 	DR
GRAVITY G-70 SR	グラヴィティ	¥35,000 	DR
GRAVITY G-70 S	グラヴィティ	¥35,000 	DR
GRAVITY G-70 X	グラヴィティ	¥35,000 	DR
GRAVITY G-80 R	グラヴィティ	¥35,000 	DR
GRAVITY G-80 SR	グラヴィティ	¥35,000 	DR
GRAVITY G-80 S	グラヴィティ	¥35,000 	DR
GRAVITY G-80 X	グラヴィティ	¥35,000 	DR
GRAVITY FW R	グラヴィティ	¥30,000 	FW
GRAVITY FW SR	グラヴィティ	¥30,000 	FW
GRAVITY FW S	グラヴィティ	¥30,000 	FW
GRAVITY FW X	グラヴィティ	¥30,000 	FW
GRAVITY UT R	グラヴィティ	¥28,000 	UT
GRAVITY UT SR	グラヴィティ	¥28,000 	UT
GRAVITY UT S	グラヴィティ	¥28,000 	UT
GRAVITY UT X	グラヴィティ	¥28,000 	UT
NEWTON Shot Distanza S R	NEWTON	¥68,000 	DR
NEWTON Shot Distanza S SR	NEWTON	¥68,000 	DR
NEWTON Shot Distanza S S	NEWTON	¥68,000 	DR
NEWTON Shot Distanza S X	NEWTON	¥68,000 	DR
NEWTON Shot Distanza S 2X	NEWTON	¥68,000 	DR
NEWTON Shot Distanza L R	NEWTON	¥68,000 	DR
NEWTON Shot Distanza L SR	NEWTON	¥68,000 	DR
NEWTON Shot Distanza L S	NEWTON	¥68,000 	DR
NEWTON Shot Distanza L X	NEWTON	¥68,000 	DR
NEWTON Shot Distanza L 2X	NEWTON	¥68,000 	DR
NEWTON Motion R	NEWTON	¥58,000 	DR
NEWTON Motion SR	NEWTON	¥58,000 	DR
NEWTON Motion S	NEWTON	¥58,000 	DR
NEWTON Motion X	NEWTON	¥58,000 	DR
NEWTON Motion 2X	NEWTON	¥58,000 	DR
NEWTON DiamondTouch R	NEWTON	¥55,000 	DR
NEWTON DiamondTouch SR	NEWTON	¥55,000 	DR
NEWTON DiamondTouch S	NEWTON	¥55,000 	DR
NEWTON DiamondTouch X	NEWTON	¥55,000 	DR
NEWTON DiamondTouch 2X	NEWTON	¥55,000 	DR
NEWTON FW Distanza S R	NEWTON	¥58,000 	FW
NEWTON FW Distanza S SR	NEWTON	¥58,000 	FW
NEWTON FW Distanza S S	NEWTON	¥58,000 	FW
NEWTON FW Distanza S X	NEWTON	¥58,000 	FW
NEWTON FW Distanza L R	NEWTON	¥58,000 	FW
NEWTON FW Distanza L SR	NEWTON	¥58,000 	FW
NEWTON FW Distanza L S	NEWTON	¥58,000 	FW
NEWTON FW Distanza L X	NEWTON	¥58,000 	FW
Minnani au shaft MODEL-U DR R	ミンナニアウシャフト	¥30,000 	DR
Minnani au shaft MODEL-U DR SR	ミンナニアウシャフト	¥30,000 	DR
Minnani au shaft MODEL-U DR S	ミンナニアウシャフト	¥30,000 	DR
Minnani au shaft MODEL-U DR X	ミンナニアウシャフト	¥30,000 	DR
Minnani au shaft MODEL-U FW R	ミンナニアウシャフト	¥25,000 	FW
Minnani au shaft MODEL-U FW SR	ミンナニアウシャフト	¥25,000 	FW
Minnani au shaft MODEL-U FW S	ミンナニアウシャフト	¥25,000 	FW
Minnani au shaft MODEL-U UT R	ミンナニアウシャフト	¥22,000 	UT
Minnani au shaft MODEL-U UT SR	ミンナニアウシャフト	¥22,000 	UT
Minnani au shaft MODEL-U UT S	ミンナニアウシャフト	¥22,000 	UT
Tryfas VANQUISH R	トライファス	¥55,000 	DR
Tryfas VANQUISH SR	トライファス	¥55,000 	DR
Tryfas VANQUISH S	トライファス	¥55,000 	DR
Tryfas VANQUISH X	トライファス	¥55,000 	DR
Tryfas VANQUISH 2X	トライファス	¥55,000 	DR
Tryfas VANQUISH FW R	トライファス	¥45,000 	FW
Tryfas VANQUISH FW SR	トライファス	¥45,000 	FW
Tryfas VANQUISH FW S	トライファス	¥45,000 	FW
Tryfas VANQUISH FW X	トライファス	¥45,000 	FW
Tryfas PHANTOM R	トライファス	¥50,000 	DR
Tryfas PHANTOM SR	トライファス	¥50,000 	DR
Tryfas PHANTOM S	トライファス	¥50,000 	DR
Tryfas PHANTOM X	トライファス	¥50,000 	DR
Tryfas PHANTOM 2X	トライファス	¥50,000 	DR
Tryfas PHANTOM FW R	トライファス	¥40,000 	FW
Tryfas PHANTOM FW SR	トライファス	¥40,000 	FW
Tryfas PHANTOM FW S	トライファス	¥40,000 	FW
Tryfas PHANTOM FW X	トライファス	¥40,000 	FW
26 VENTUS TR BLUE 5 R	フジクラ	¥50,000 	DR
26 VENTUS TR BLUE 5 SR	フジクラ	¥50,000 	DR
26 VENTUS TR BLUE 5 S	フジクラ	¥50,000 	DR
26 VENTUS TR BLUE 5 X	フジクラ	¥50,000 	DR
26 VENTUS TR BLUE 5 TX	フジクラ	¥50,000 	DR
26 VENTUS TR BLUE 6 R	フジクラ	¥50,000 	DR
26 VENTUS TR BLUE 6 SR	フジクラ	¥50,000 	DR
26 VENTUS TR BLUE 6 S	フジクラ	¥50,000 	DR
26 VENTUS TR BLUE 6 X	フジクラ	¥50,000 	DR
26 VENTUS TR BLUE 6 TX	フジクラ	¥50,000 	DR
26 VENTUS TR BLUE 7 R	フジクラ	¥50,000 	DR
26 VENTUS TR BLUE 7 SR	フジクラ	¥50,000 	DR
26 VENTUS TR BLUE 7 S	フジクラ	¥50,000 	DR
26 VENTUS TR BLUE 7 X	フジクラ	¥50,000 	DR
26 VENTUS TR BLUE 7 TX	フジクラ	¥50,000 	DR
26 VENTUS TR BLUE 8 R	フジクラ	¥50,000 	DR
26 VENTUS TR BLUE 8 SR	フジクラ	¥50,000 	DR
26 VENTUS TR BLUE 8 S	フジクラ	¥50,000 	DR
26 VENTUS TR BLUE 8 X	フジクラ	¥50,000 	DR
26 VENTUS TR BLUE 8 TX	フジクラ	¥50,000 	DR
26 VENTUS TR BLACK 6 R	フジクラ	¥50,000 	DR
26 VENTUS TR BLACK 6 SR	フジクラ	¥50,000 	DR
26 VENTUS TR BLACK 6 S	フジクラ	¥50,000 	DR
26 VENTUS TR BLACK 6 X	フジクラ	¥50,000 	DR
26 VENTUS TR BLACK 6 TX	フジクラ	¥50,000 	DR
26 VENTUS TR BLACK 7 R	フジクラ	¥50,000 	DR
26 VENTUS TR BLACK 7 SR	フジクラ	¥50,000 	DR
26 VENTUS TR BLACK 7 S	フジクラ	¥50,000 	DR
26 VENTUS TR BLACK 7 X	フジクラ	¥50,000 	DR
26 VENTUS TR BLACK 7 TX	フジクラ	¥50,000 	DR
26 VENTUS TR BLACK 8 R	フジクラ	¥50,000 	DR
26 VENTUS TR BLACK 8 SR	フジクラ	¥50,000 	DR
26 VENTUS TR BLACK 8 S	フジクラ	¥50,000 	DR
26 VENTUS TR BLACK 8 X	フジクラ	¥50,000 	DR
26 VENTUS TR BLACK 8 TX	フジクラ	¥50,000 	DR
26 VENTUS TR RED 5 R	フジクラ	¥50,000 	DR
26 VENTUS TR RED 5 SR	フジクラ	¥50,000 	DR
26 VENTUS TR RED 5 S	フジクラ	¥50,000 	DR
26 VENTUS TR RED 5 X	フジクラ	¥50,000 	DR
26 VENTUS TR RED 5 TX	フジクラ	¥50,000 	DR
26 VENTUS TR RED 6 R	フジクラ	¥50,000 	DR
26 VENTUS TR RED 6 SR	フジクラ	¥50,000 	DR
26 VENTUS TR RED 6 S	フジクラ	¥50,000 	DR
26 VENTUS TR RED 6 X	フジクラ	¥50,000 	DR
26 VENTUS TR RED 6 TX	フジクラ	¥50,000 	DR
26 VENTUS TR RED 7 R	フジクラ	¥50,000 	DR
26 VENTUS TR RED 7 SR	フジクラ	¥50,000 	DR
26 VENTUS TR RED 7 S	フジクラ	¥50,000 	DR
26 VENTUS TR RED 7 X	フジクラ	¥50,000 	DR
26 VENTUS TR RED 7 TX	フジクラ	¥50,000 	DR
26 VENTUS TR RED 8 R	フジクラ	¥50,000 	DR
26 VENTUS TR RED 8 SR	フジクラ	¥50,000 	DR
26 VENTUS TR RED 8 S	フジクラ	¥50,000 	DR
26 VENTUS TR RED 8 X	フジクラ	¥50,000 	DR
26 VENTUS TR RED 8 TX	フジクラ	¥50,000 	DR
